timestamp,close,short_ma,long_ma,signal,executed_action,cash,asset_qty,equity,benchmark_equity,peak_equity,drawdown_pct,cumulative_fees
2025-01-01,100.2785,,,hold,hold,10000.0,0.0,10000.0,10000.0,10000.0,0.0,0.0
2025-01-02,100.482,,,hold,hold,10000.0,0.0,10000.0,10020.29348265,10000.0,0.0,0.0
2025-01-03,101.195,,,hold,hold,10000.0,0.0,10000.0,10091.39546363,10000.0,0.0,0.0
2025-01-04,101.4516,,,hold,hold,10000.0,0.0,10000.0,10116.98419901,10000.0,0.0,0.0
2025-01-05,101.4797,100.97736,,hold,hold,10000.0,0.0,10000.0,10119.78639489,10000.0,0.0,0.0
2025-01-06,101.8966,101.30098,,hold,hold,10000.0,0.0,10000.0,10161.3606107,10000.0,0.0,0.0
2025-01-07,101.9135,101.58728,,hold,hold,10000.0,0.0,10000.0,10163.04591712,10000.0,0.0,0.0
2025-01-08,102.5896,101.8662,,hold,hold,10000.0,0.0,10000.0,10230.46814621,10000.0,0.0,0.0
2025-01-09,102.8436,102.1446,,hold,hold,10000.0,0.0,10000.0,10255.79760367,10000.0,0.0,0.0
2025-01-10,103.4315,102.53496,,hold,hold,10000.0,0.0,10000.0,10314.42432825,10000.0,0.0,0.0
2025-01-11,103.8461,102.92486,,hold,hold,10000.0,0.0,10000.0,10355.76918283,10000.0,0.0,0.0
2025-01-12,104.2355,103.38926,,hold,hold,10000.0,0.0,10000.0,10394.60103611,10000.0,0.0,0.0
2025-01-13,104.7874,103.82882,,hold,hold,10000.0,0.0,10000.0,10449.63775884,10000.0,0.0,0.0
2025-01-14,104.9158,104.24326,,hold,hold,10000.0,0.0,10000.0,10462.44209875,10000.0,0.0,0.0
2025-01-15,106.0087,104.7587,,hold,hold,10000.0,0.0,10000.0,10571.42857143,10000.0,0.0,0.0
2025-01-16,106.4923,105.28794,,hold,hold,10000.0,0.0,10000.0,10619.65426288,10000.0,0.0,0.0
2025-01-17,106.6443,105.7697,,hold,hold,10000.0,0.0,10000.0,10634.81204845,10000.0,0.0,0.0
2025-01-18,107.395,106.29122,,hold,hold,10000.0,0.0,10000.0,10709.67355914,10000.0,0.0,0.0
2025-01-19,108.1687,106.9418,,hold,hold,10000.0,0.0,10000.0,10786.82868212,10000.0,0.0,0.0
2025-01-20,108.9232,107.5247,103.94893,buy,buy,0.0,91.6702546498,9985.01748127,10862.06913745,10000.0,0.149825,9.99000999
2025-01-21,109.5603,108.1383,104.41302,hold,hold,0.0,91.6702546498,10043.42060051,10925.60219788,10043.42060051,0.0,9.99000999
2025-01-22,110.3667,108.88278,104.907255,hold,hold,0.0,91.6702546498,10117.34349386,11006.0182392,10117.34349386,0.0,9.99000999
2025-01-23,110.6516,109.5341,105.380085,hold,hold,0.0,91.6702546498,10143.46034941,11034.42911491,10143.46034941,0.0,9.99000999
2025-01-24,110.713,110.04296,105.843155,hold,hold,0.0,91.6702546498,10149.08890304,11040.55206251,10149.08890304,0.0,9.99000999
2025-01-25,110.7311,110.40454,106.305725,hold,hold,0.0,91.6702546498,10150.74813465,11042.35703566,10150.74813465,0.0,9.99000999
2025-01-26,111.721,110.83668,106.796945,hold,hold,0.0,91.6702546498,10241.49251973,11141.07211416,10241.49251973,0.0,9.99000999
2025-01-27,112.1419,111.19172,107.308365,hold,hold,0.0,91.6702546498,10280.07652991,11183.04521906,10280.07652991,0.0,9.99000999
2025-01-28,113.0159,111.66458,107.82968,hold,hold,0.0,91.6702546498,10360.19633247,11270.20248608,10360.19633247,0.0,9.99000999
2025-01-29,113.2209,112.16616,108.348545,hold,hold,0.0,91.6702546498,10378.98873468,11290.64555214,10378.98873468,0.0,9.99000999
2025-01-30,113.1829,112.65652,108.836115,hold,hold,0.0,91.6702546498,10375.505265,11286.85610575,10378.98873468,0.033563,9.99000999
2025-01-31,113.7522,113.06276,109.33142,hold,hold,0.0,91.6702546498,10427.69314097,11343.62799603,10427.69314097,0.0,9.99000999
2025-02-01,113.9848,113.43134,109.818885,hold,hold,0.0,91.6702546498,10449.0156422,11366.82339684,10449.0156422,0.0,9.99000999
2025-02-02,114.7092,113.77,110.314975,hold,hold,0.0,91.6702546498,10515.42157467,11439.06221174,10515.42157467,0.0,9.99000999
2025-02-03,115.0432,114.13446,110.821345,hold,hold,0.0,91.6702546498,10546.03943973,11472.36945108,10546.03943973,0.0,9.99000999
2025-02-04,115.4409,114.58606,111.292955,hold,hold,0.0,91.6702546498,10582.4967,11512.02899924,10582.4967,0.0,9.99000999
2025-02-05,115.9376,115.02314,111.76522,hold,hold,0.0,91.6702546498,10628.02931548,11561.56105247,10628.02931548,0.0,9.99000999
2025-02-06,115.8409,115.39436,112.22505,hold,hold,0.0,91.6702546498,10619.16480186,11551.91790862,10628.02931548,0.083407,9.99000999
2025-02-07,116.4113,115.73478,112.675865,hold,hold,0.0,91.6702546498,10671.45351511,11608.79949341,10671.45351511,0.0,9.99000999
2025-02-08,116.7539,116.07692,113.105125,hold,hold,0.0,91.6702546498,10702.85974436,11642.9643443,10702.85974436,0.0,9.99000999
2025-02-09,117.1294,116.41462,113.515435,hold,hold,0.0,91.6702546498,10737.28192498,11680.41005799,10737.28192498,0.0,9.99000999
2025-02-10,117.7141,116.76992,113.923125,hold,hold,0.0,91.6702546498,10790.88152287,11738.71767129,10790.88152287,0.0,9.99000999
2025-02-11,117.995,117.20074,114.30454,hold,hold,0.0,91.6702546498,10816.6316974,11766.7296579,10816.6316974,0.0,9.99000999
2025-02-12,118.8063,117.67974,114.712275,hold,hold,0.0,91.6702546498,10891.003775,11847.63433837,10891.003775,0.0,9.99000999
2025-02-13,118.5985,118.04866,115.10655,hold,hold,0.0,91.6702546498,10871.95469608,11826.91204994,10891.003775,0.174907,9.99000999
2025-02-14,119.083,118.43938,115.524145,hold,hold,0.0,91.6702546498,10916.36893446,11875.22749144,10916.36893446,0.0,9.99000999
2025-02-15,118.9595,118.68846,115.88607,hold,hold,0.0,91.6702546498,10905.04765801,11862.91179066,10916.36893446,0.103709,9.99000999
2025-02-16,119.486,118.98666,116.253275,hold,hold,0.0,91.6702546498,10953.31204708,11915.41556764,10953.31204708,0.0,9.99000999
2025-02-17,120.079,119.2412,116.60643,hold,hold,0.0,91.6702546498,11007.67250809,11974.55087581,11007.67250809,0.0,9.99000999
2025-02-18,120.424,119.6063,116.966585,hold,hold,0.0,91.6702546498,11039.29874595,12008.95506016,11039.29874595,0.0,9.99000999
2025-02-19,121.0375,119.9972,117.359315,hold,hold,0.0,91.6702546498,11095.53844717,12070.13467493,11095.53844717,0.0,9.99000999
2025-02-20,121.7073,120.54676,117.75707,hold,hold,0.0,91.6702546498,11156.93918374,12136.9286537,11156.93918374,0.0,9.99000999
2025-02-21,122.2258,121.09472,118.16912,hold,hold,0.0,91.6702546498,11204.47021077,12188.63465249,11204.47021077,0.0,9.99000999
2025-02-22,122.425,121.56392,118.55491,hold,hold,0.0,91.6702546498,11222.7309255,12208.49932937,11222.7309255,0.0,9.99000999
2025-02-23,121.9277,121.86466,118.899135,hold,hold,0.0,91.6702546498,11177.14330786,12158.90744277,11222.7309255,0.406208,9.99000999
2025-02-24,122.1174,122.08064,119.23296,hold,hold,0.0,91.6702546498,11194.53315517,12177.82475805,11222.7309255,0.251256,9.99000999
2025-02-25,122.8046,122.3001,119.57631,hold,hold,0.0,91.6702546498,11257.52895416,12246.35390438,11257.52895416,0.0,9.99000999
2025-02-26,122.9478,122.4445,119.931655,hold,hold,0.0,91.6702546498,11270.65613463,12260.63413394,11270.65613463,0.0,9.99000999
2025-02-27,123.3928,122.63806,120.28073,hold,hold,0.0,91.6702546498,11311.44939795,12305.01054563,11311.44939795,0.0,9.99000999
2025-02-28,124.0282,123.05816,120.644445,hold,hold,0.0,91.6702546498,11369.69667775,12368.37407819,11369.69667775,0.0,9.99000999
2025-03-01,124.1407,123.46282,120.99501,hold,hold,0.0,91.6702546498,11380.0095814,12379.59283396,11380.0095814,0.0,9.99000999
2025-03-02,124.4566,123.79322,121.332135,hold,hold,0.0,91.6702546498,11408.96821485,12411.09510015,11408.96821485,0.0,9.99000999
2025-03-03,124.659,124.13546,121.665335,hold,hold,0.0,91.6702546498,11427.52227439,12431.2788883,11427.52227439,0.0,9.99000999
2025-03-04,124.9833,124.45356,121.974185,hold,hold,0.0,91.6702546498,11457.25093797,12463.61882158,11457.25093797,0.0,9.99000999
2025-03-05,124.6828,124.58448,122.2784,hold,hold,0.0,91.6702546498,11429.70402645,12433.6522784,11457.25093797,0.240432,9.99000999
2025-03-06,124.7457,124.70548,122.561535,hold,hold,0.0,91.6702546498,11435.47008547,12439.92480941,11457.25093797,0.190105,9.99000999
2025-03-07,124.8167,124.7775,122.854395,hold,hold,0.0,91.6702546498,11441.97867355,12447.00509082,11457.25093797,0.133298,9.99000999
2025-03-08,125.009,124.8475,123.130545,hold,hold,0.0,91.6702546498,11459.60686351,12466.18168401,11459.60686351,0.0,9.99000999
2025-03-09,125.2201,124.89486,123.3876,hold,hold,0.0,91.6702546498,11478.95845427,12487.23305594,11478.95845427,0.0,9.99000999
2025-03-10,125.4093,125.04016,123.636865,hold,hold,0.0,91.6702546498,11496.30246645,12506.10051008,11496.30246645,0.0,9.99000999
2025-03-11,126.2629,125.3436,123.898135,hold,hold,0.0,91.6702546498,11574.55219582,12591.22344271,11574.55219582,0.0,9.99000999
2025-03-12,126.7688,125.73402,124.15121,hold,hold,0.0,91.6702546498,11620.92817765,12641.67294086,11620.92817765,0.0,9.99000999
2025-03-13,127.3141,126.19504,124.405625,hold,hold,0.0,91.6702546498,11670.91596751,12696.05149658,11670.91596751,0.0,9.99000999
2025-03-14,127.4047,126.63196,124.65461,hold,hold,0.0,91.6702546498,11679.22129258,12705.08633456,11679.22129258,0.0,9.99000999
2025-03-15,127.8802,127.12614,124.952235,hold,hold,0.0,91.6702546498,11722.81049867,12752.50427559,11722.81049867,0.0,9.99000999
2025-03-16,127.8757,127.4487,125.24015,hold,hold,0.0,91.6702546498,11722.39798252,12752.05552536,11722.81049867,0.003519,9.99000999
2025-03-17,127.343,127.56354,125.46707,hold,hold,0.0,91.6702546498,11673.56523787,12698.93347029,11722.81049867,0.420081,9.99000999
2025-03-18,126.6351,127.42774,125.651435,hold,hold,0.0,91.6702546498,11608.6718646,12628.3400729,11722.81049867,0.973646,9.99000999
2025-03-19,126.466,127.24,125.805095,hold,hold,0.0,91.6702546498,11593.17042454,12611.47703645,11722.81049867,1.105879,9.99000999
2025-03-20,125.9752,126.859,125.902445,hold,hold,0.0,91.6702546498,11548.17866356,12562.53334464,11722.81049867,1.489675,9.99000999
2025-03-21,125.192,126.32226,125.95501,hold,hold,0.0,91.6702546498,11476.38252012,12484.43086005,11722.81049867,2.102124,9.99000999
2025-03-22,124.7073,125.79512,125.967545,sell,sell,11414.80773874,0.0,11414.80773874,12436.0954741,11722.81049867,2.62738,21.41624396
2025-03-23,124.4541,125.35892,125.9573,hold,hold,11414.80773874,0.0,11414.80773874,12410.84579446,11722.81049867,2.62738,21.41624396
2025-03-24,123.6908,124.80388,125.892675,hold,hold,11414.80773874,0.0,11414.80773874,12334.72778312,11722.81049867,2.62738,21.41624396
2025-03-25,123.2849,124.26582,125.82278,hold,hold,11414.80773874,0.0,11414.80773874,12294.25051232,11722.81049867,2.62738,21.41624396
2025-03-26,122.8433,123.79608,125.72766,hold,hold,11414.80773874,0.0,11414.80773874,12250.21315636,11722.81049867,2.62738,21.41624396
2025-03-27,122.3811,123.33084,125.60588,hold,hold,11414.80773874,0.0,11414.80773874,12204.12152156,11722.81049867,2.62738,21.41624396
2025-03-28,122.246,122.88922,125.46773,hold,hold,11414.80773874,0.0,11414.80773874,12190.64904242,11722.81049867,2.62738,21.41624396
2025-03-29,121.7929,122.50964,125.29637,hold,hold,11414.80773874,0.0,11414.80773874,12145.46488031,11722.81049867,2.62738,21.41624396
2025-03-30,120.3848,121.92962,125.045145,hold,hold,11414.80773874,0.0,11414.80773874,12005.04594704,11722.81049867,2.62738,21.41624396
2025-03-31,119.7321,121.30738,124.718605,hold,hold,11414.80773874,0.0,11414.80773874,11939.95721914,11722.81049867,2.62738,21.41624396
2025-04-01,119.2149,120.67414,124.34091,hold,hold,11414.80773874,0.0,11414.80773874,11888.38085931,11722.81049867,2.62738,21.41624396
2025-04-02,119.0265,120.03024,123.92653,hold,hold,11414.80773874,0.0,11414.80773874,11869.59318299,11722.81049867,2.62738,21.41624396
2025-04-03,118.8,119.43166,123.496295,hold,hold,11414.80773874,0.0,11414.80773874,11847.00608804,11722.81049867,2.62738,21.41624396
2025-04-04,118.3788,119.03046,123.021225,hold,hold,11414.80773874,0.0,11414.80773874,11805.00306646,11722.81049867,2.62738,21.41624396
2025-04-05,117.9536,118.67476,122.52512,hold,hold,11414.80773874,0.0,11414.80773874,11762.60115578,11722.81049867,2.62738,21.41624396
2025-04-06,117.2976,118.2913,122.02285,hold,hold,11414.80773874,0.0,11414.80773874,11697.18334439,11722.81049867,2.62738,21.41624396
2025-04-07,116.8556,117.85712,121.533875,hold,hold,11414.80773874,0.0,11414.80773874,11653.10609951,11722.81049867,2.62738,21.41624396
2025-04-08,115.6845,117.23402,120.9948,hold,hold,11414.80773874,0.0,11414.80773874,11536.32134505,11722.81049867,2.62738,21.41624396
2025-04-09,115.4489,116.64804,120.468485,hold,hold,11414.80773874,0.0,11414.80773874,11512.82677742,11722.81049867,2.62738,21.41624396
2025-04-10,115.067,116.07072,119.962235,hold,hold,11414.80773874,0.0,11414.80773874,11474.74284119,11722.81049867,2.62738,21.41624396
2025-04-11,114.5446,115.52012,119.4541,hold,hold,11414.80773874,0.0,11414.80773874,11422.64792553,11722.81049867,2.62738,21.41624396
2025-04-12,114.3386,115.01672,118.948325,hold,hold,11414.80773874,0.0,11414.80773874,11402.10513719,11722.81049867,2.62738,21.41624396
2025-04-13,114.1644,114.7127,118.472005,hold,hold,11414.80773874,0.0,11414.80773874,11384.73351715,11722.81049867,2.62738,21.41624396
2025-04-14,113.4106,114.30504,117.97829,hold,hold,11414.80773874,0.0,11414.80773874,11309.56286741,11722.81049867,2.62738,21.41624396
2025-04-15,113.109,113.91344,117.491575,hold,hold,11414.80773874,0.0,11414.80773874,11279.48662974,11722.81049867,2.62738,21.41624396
2025-04-16,112.6179,113.5281,117.003415,hold,hold,11414.80773874,0.0,11414.80773874,11230.51302124,11722.81049867,2.62738,21.41624396
2025-04-17,112.6318,113.18674,116.522705,hold,hold,11414.80773874,0.0,11414.80773874,11231.89916084,11722.81049867,2.62738,21.41624396
2025-04-18,112.1114,112.77614,116.03863,hold,hold,11414.80773874,0.0,11414.80773874,11180.00368972,11722.81049867,2.62738,21.41624396
2025-04-19,111.1794,112.3299,115.57836,hold,hold,11414.80773874,0.0,11414.80773874,11087.06253085,11722.81049867,2.62738,21.41624396
2025-04-20,111.2238,111.95286,115.152945,hold,hold,11414.80773874,0.0,11414.80773874,11091.49019979,11722.81049867,2.62738,21.41624396
2025-04-21,110.3256,111.4944,114.70848,hold,hold,11414.80773874,0.0,11414.80773874,11001.91965376,11722.81049867,2.62738,21.41624396
2025-04-22,110.2831,111.02466,114.27131,hold,hold,11414.80773874,0.0,11414.80773874,10997.68145714,11722.81049867,2.62738,21.41624396
2025-04-23,109.8117,110.56472,113.821895,hold,hold,11414.80773874,0.0,11414.80773874,10950.67237743,11722.81049867,2.62738,21.41624396
2025-04-24,109.6822,110.26528,113.387065,hold,hold,11414.80773874,0.0,11414.80773874,10937.75834301,11722.81049867,2.62738,21.41624396
2025-04-25,108.8981,109.80014,112.93429,hold,hold,11414.80773874,0.0,11414.80773874,10859.56610839,11722.81049867,2.62738,21.41624396
2025-04-26,108.4239,109.4198,112.490605,hold,hold,11414.80773874,0.0,11414.80773874,10812.27780631,11722.81049867,2.62738,21.41624396
2025-04-27,108.4813,109.05944,112.07189,hold,hold,11414.80773874,0.0,11414.80773874,10818.00186481,11722.81049867,2.62738,21.41624396
2025-04-28,107.5753,108.61216,111.66643,hold,hold,11414.80773874,0.0,11414.80773874,10727.65348504,11722.81049867,2.62738,21.41624396
2025-04-29,107.0425,108.08422,111.24611,hold,hold,11414.80773874,0.0,11414.80773874,10674.52145774,11722.81049867,2.62738,21.41624396
2025-04-30,106.8025,107.6651,110.832885,hold,hold,11414.80773874,0.0,11414.80773874,10650.58811211,11722.81049867,2.62738,21.41624396
2025-05-01,106.8007,107.34046,110.44569,hold,hold,11414.80773874,0.0,11414.80773874,10650.40861202,11722.81049867,2.62738,21.41624396
2025-05-02,105.6399,106.77218,110.010755,hold,hold,11414.80773874,0.0,11414.80773874,10534.65099697,11722.81049867,2.62738,21.41624396
2025-05-03,104.9174,106.2406,109.548405,hold,hold,11414.80773874,0.0,11414.80773874,10462.60165439,11722.81049867,2.62738,21.41624396
2025-05-04,104.4285,105.7178,109.0993,hold,hold,11414.80773874,0.0,11414.80773874,10413.84743489,11722.81049867,2.62738,21.41624396
2025-05-05,104.1197,105.18124,108.649835,hold,hold,11414.80773874,0.0,11414.80773874,10383.05319685,11722.81049867,2.62738,21.41624396
2025-05-06,103.6866,104.55842,108.20327,hold,hold,11414.80773874,0.0,11414.80773874,10339.86348021,11722.81049867,2.62738,21.41624396
2025-05-07,103.3796,104.10636,107.74066,hold,hold,11414.80773874,0.0,11414.80773874,10309.24874225,11722.81049867,2.62738,21.41624396
2025-05-08,103.0579,103.73446,107.287985,hold,hold,11414.80773874,0.0,11414.80773874,10277.16808688,11722.81049867,2.62738,21.41624396
2025-05-09,102.7512,103.399,106.866575,hold,hold,11414.80773874,0.0,11414.80773874,10246.58326561,11722.81049867,2.62738,21.41624396
2025-05-10,102.4194,103.05894,106.426355,hold,hold,11414.80773874,0.0,11414.80773874,10213.49541527,11722.81049867,2.62738,21.41624396
2025-05-11,102.0735,102.73632,106.01375,hold,hold,11414.80773874,0.0,11414.80773874,10179.00148088,11722.81049867,2.62738,21.41624396
2025-05-12,101.8305,102.4265,105.59112,hold,hold,11414.80773874,0.0,11414.80773874,10154.76896842,11722.81049867,2.62738,21.41624396
2025-05-13,101.1632,102.04756,105.158695,hold,hold,11414.80773874,0.0,11414.80773874,10088.22429534,11722.81049867,2.62738,21.41624396
2025-05-14,100.5463,101.60658,104.7019,hold,hold,11414.80773874,0.0,11414.80773874,10026.70562483,11722.81049867,2.62738,21.41624396
2025-05-15,99.9949,101.12168,104.25674,hold,hold,11414.80773874,0.0,11414.80773874,9971.71876324,11722.81049867,2.62738,21.41624396
2025-05-16,99.3513,100.57724,103.80311,hold,hold,11414.80773874,0.0,11414.80773874,9907.53750804,11722.81049867,2.62738,21.41624396
2025-05-17,98.7129,99.95372,103.31469,hold,hold,11414.80773874,0.0,11414.80773874,9843.87480866,11722.81049867,2.62738,21.41624396
2025-05-18,98.0728,99.33564,102.839565,hold,hold,11414.80773874,0.0,11414.80773874,9780.04258141,11722.81049867,2.62738,21.41624396
2025-05-19,97.2768,98.68174,102.35128,hold,hold,11414.80773874,0.0,11414.80773874,9700.66365173,11722.81049867,2.62738,21.41624396
2025-05-20,96.2636,97.93548,101.824335,hold,hold,11414.80773874,0.0,11414.80773874,9599.62504425,11722.81049867,2.62738,21.41624396
2025-05-21,95.1139,97.088,101.239995,hold,hold,11414.80773874,0.0,11414.80773874,9484.97434645,11722.81049867,2.62738,21.41624396
2025-05-22,94.78,96.30142,100.697,hold,hold,11414.80773874,0.0,11414.80773874,9451.67707933,11722.81049867,2.62738,21.41624396
2025-05-23,93.8342,95.4537,100.14284,hold,hold,11414.80773874,0.0,11414.80773874,9357.35975309,11722.81049867,2.62738,21.41624396
2025-05-24,93.6753,94.7334,99.60518,hold,hold,11414.80773874,0.0,11414.80773874,9341.51388383,11722.81049867,2.62738,21.41624396
2025-05-25,93.9574,94.27216,99.097065,hold,hold,11414.80773874,0.0,11414.80773874,9369.64553718,11722.81049867,2.62738,21.41624396
2025-05-26,93.2115,93.89168,98.57331,hold,hold,11414.80773874,0.0,11414.80773874,9295.2626934,11722.81049867,2.62738,21.41624396
2025-05-27,92.6081,93.4573,98.034735,hold,hold,11414.80773874,0.0,11414.80773874,9235.09027359,11722.81049867,2.62738,21.41624396
2025-05-28,91.9198,93.07442,97.47783,hold,hold,11414.80773874,0.0,11414.80773874,9166.45143276,11722.81049867,2.62738,21.41624396
2025-05-29,90.833,92.50596,96.88192,hold,hold,11414.80773874,0.0,11414.80773874,9058.07326595,11722.81049867,2.62738,21.41624396
2025-05-30,90.8952,91.89352,96.30571,hold,hold,11414.80773874,0.0,11414.80773874,9064.27599136,11722.81049867,2.62738,21.41624396
2025-05-31,91.3916,91.52954,95.771615,hold,hold,11414.80773874,0.0,11414.80773874,9113.77812791,11722.81049867,2.62738,21.41624396
2025-06-01,91.1153,91.23098,95.235855,hold,hold,11414.80773874,0.0,11414.80773874,9086.22486375,11722.81049867,2.62738,21.41624396
2025-06-02,90.7523,90.99748,94.71531,hold,hold,11414.80773874,0.0,11414.80773874,9050.02567849,11722.81049867,2.62738,21.41624396
2025-06-03,90.2596,90.8828,94.200975,hold,hold,11414.80773874,0.0,11414.80773874,9000.89251435,11722.81049867,2.62738,21.41624396
2025-06-04,90.057,90.71516,93.70408,hold,hold,11414.80773874,0.0,11414.80773874,8980.68878174,11722.81049867,2.62738,21.41624396
2025-06-05,90.6722,90.57128,93.270125,hold,hold,11414.80773874,0.0,11414.80773874,9042.03792438,11722.81049867,2.62738,21.41624396
2025-06-06,90.4989,90.448,92.859425,hold,hold,11414.80773874,0.0,11414.80773874,9024.75605439,11722.81049867,2.62738,21.41624396
2025-06-07,91.0268,90.5029,92.507125,hold,hold,11414.80773874,0.0,11414.80773874,9077.39944255,11722.81049867,2.62738,21.41624396
2025-06-08,91.0577,90.66252,92.19617,hold,hold,11414.80773874,0.0,11414.80773874,9080.4808608,11722.81049867,2.62738,21.41624396
2025-06-09,90.7943,90.80998,91.922705,hold,hold,11414.80773874,0.0,11414.80773874,9054.21401397,11722.81049867,2.62738,21.41624396
2025-06-10,91.0175,90.87904,91.717885,hold,hold,11414.80773874,0.0,11414.80773874,9076.47202541,11722.81049867,2.62738,21.41624396
2025-06-11,90.7933,90.93792,91.51855,hold,hold,11414.80773874,0.0,11414.80773874,9054.1142917,11722.81049867,2.62738,21.41624396
2025-06-12,90.7462,90.8818,91.36415,hold,hold,11414.80773874,0.0,11414.80773874,9049.41737262,11722.81049867,2.62738,21.41624396
2025-06-13,90.7287,90.816,91.21682,hold,hold,11414.80773874,0.0,11414.80773874,9047.67223283,11722.81049867,2.62738,21.41624396
2025-06-14,90.5519,90.76752,91.046545,hold,hold,11414.80773874,0.0,11414.80773874,9030.04133488,11722.81049867,2.62738,21.41624396
2025-06-15,90.8713,90.73828,90.929535,hold,hold,11414.80773874,0.0,11414.80773874,9061.89262903,11722.81049867,2.62738,21.41624396
2025-06-16,90.7981,90.73924,90.839035,hold,hold,11414.80773874,0.0,11414.80773874,9054.59295861,11722.81049867,2.62738,21.41624396
2025-06-17,90.5649,90.70298,90.77129,hold,hold,11414.80773874,0.0,11414.80773874,9031.33772444,11722.81049867,2.62738,21.41624396
2025-06-18,90.8203,90.7213,90.770655,hold,hold,11414.80773874,0.0,11414.80773874,9056.80679308,11722.81049867,2.62738,21.41624396
2025-06-19,90.4086,90.69264,90.746325,hold,hold,11414.80773874,0.0,11414.80773874,9015.75113309,11722.81049867,2.62738,21.41624396
2025-06-20,90.4043,90.59924,90.69696,hold,hold,11414.80773874,0.0,11414.80773874,9015.32232732,11722.81049867,2.62738,21.41624396
2025-06-21,90.1549,90.4706,90.64894,hold,hold,11414.80773874,0.0,11414.80773874,8990.45159232,11722.81049867,2.62738,21.41624396
2025-06-22,90.0779,90.3732,90.61522,hold,hold,11414.80773874,0.0,11414.80773874,8982.77297726,11722.81049867,2.62738,21.41624396
2025-06-23,90.1061,90.23036,90.607545,hold,hold,11414.80773874,0.0,11414.80773874,8985.58514537,11722.81049867,2.62738,21.41624396
2025-06-24,89.6665,90.08194,90.58802,hold,hold,11414.80773874,0.0,11414.80773874,8941.74723395,11722.81049867,2.62738,21.41624396
2025-06-25,89.5607,89.91322,90.532445,hold,hold,11414.80773874,0.0,11414.80773874,8931.19661742,11722.81049867,2.62738,21.41624396
2025-06-26,89.7926,89.84076,90.49713,hold,hold,11414.80773874,0.0,11414.80773874,8954.32221264,11722.81049867,2.62738,21.41624396
2025-06-27,89.8378,89.79274,90.43768,hold,hold,11414.80773874,0.0,11414.80773874,8958.8296594,11722.81049867,2.62738,21.41624396
2025-06-28,89.5243,89.67638,90.36101,hold,hold,11414.80773874,0.0,11414.80773874,8927.56672667,11722.81049867,2.62738,21.41624396
2025-06-29,89.4891,89.6409,90.29575,hold,hold,11414.80773874,0.0,11414.80773874,8924.05650264,11722.81049867,2.62738,21.41624396
2025-06-30,89.6321,89.65518,90.22648,hold,hold,11414.80773874,0.0,11414.80773874,8938.31678775,11722.81049867,2.62738,21.41624396
2025-07-01,89.6747,89.6316,90.17055,hold,hold,11414.80773874,0.0,11414.80773874,8942.5649566,11722.81049867,2.62738,21.41624396
2025-07-02,89.3608,89.5362,90.10128,hold,hold,11414.80773874,0.0,11414.80773874,8911.26213495,11722.81049867,2.62738,21.41624396
2025-07-03,89.0329,89.43792,90.01649,hold,hold,11414.80773874,0.0,11414.80773874,8878.56320148,11722.81049867,2.62738,21.41624396
2025-07-04,88.4381,89.22772,89.9108,hold,hold,11414.80773874,0.0,11414.80773874,8819.24839322,11722.81049867,2.62738,21.41624396
2025-07-05,88.0053,88.90236,89.7675,hold,hold,11414.80773874,0.0,11414.80773874,8776.08859327,11722.81049867,2.62738,21.41624396
2025-07-06,88.3971,88.64684,89.64745,hold,hold,11414.80773874,0.0,11414.80773874,8815.15978001,11722.81049867,2.62738,21.41624396
2025-07-07,87.7046,88.3156,89.504435,hold,hold,11414.80773874,0.0,11414.80773874,8746.10210564,11722.81049867,2.62738,21.41624396
2025-07-08,87.5212,88.01326,89.33948,hold,hold,11414.80773874,0.0,11414.80773874,8727.81304068,11722.81049867,2.62738,21.41624396
2025-07-09,87.7584,87.87732,89.20697,hold,hold,11414.80773874,0.0,11414.80773874,8751.46716395,11722.81049867,2.62738,21.41624396
2025-07-10,86.9336,87.66298,89.033435,hold,hold,11414.80773874,0.0,11414.80773874,8669.21623279,11722.81049867,2.62738,21.41624396
2025-07-11,87.5109,87.48574,88.901235,hold,hold,11414.80773874,0.0,11414.80773874,8726.78590126,11722.81049867,2.62738,21.41624396
2025-07-12,87.1036,87.36554,88.75252,hold,hold,11414.80773874,0.0,11414.80773874,8686.16901928,11722.81049867,2.62738,21.41624396
2025-07-13,87.7714,87.41558,88.635785,hold,hold,11414.80773874,0.0,11414.80773874,8752.7635535,11722.81049867,2.62738,21.41624396
2025-07-14,87.9013,87.44416,88.547525,hold,hold,11414.80773874,0.0,11414.80773874,8765.71747683,11722.81049867,2.62738,21.41624396
2025-07-15,88.5088,87.7592,88.49493,hold,hold,11414.80773874,0.0,11414.80773874,8826.29875796,11722.81049867,2.62738,21.41624396
2025-07-16,89.1381,88.08464,88.462205,hold,hold,11414.80773874,0.0,11414.80773874,8889.05398465,11722.81049867,2.62738,21.41624396
2025-07-17,89.2018,88.50428,88.430405,buy,buy,0.0,127.7743888763,11397.70548167,8895.40629347,11722.81049867,2.773269,32.8196483
2025-07-18,89.2241,88.79482,88.415395,hold,hold,0.0,127.7743888763,11400.55485054,8897.63010017,11722.81049867,2.748962,32.8196483
2025-07-19,89.0235,89.01926,88.392115,hold,hold,0.0,127.7743888763,11374.92330813,8877.62581211,11722.81049867,2.967609,32.8196483
2025-07-20,89.49,89.2155,88.38501,hold,hold,0.0,127.7743888763,11434.53006054,8924.14625269,11722.81049867,2.459141,32.8196483
2025-07-21,89.6879,89.32546,88.38567,hold,hold,0.0,127.7743888763,11459.8166121,8943.88129061,11722.81049867,2.243437,32.8196483
2025-07-22,89.246,89.3343,88.37993,hold,hold,0.0,127.7743888763,11403.35310965,8899.81401796,11722.81049867,2.725092,32.8196483
2025-07-23,89.4035,89.37018,88.39846,hold,hold,0.0,127.7743888763,11423.4775759,8915.52027603,11722.81049867,2.553423,32.8196483
2025-07-24,89.6414,89.49376,88.458625,hold,hold,0.0,127.7743888763,11453.87510302,8939.24420489,11722.81049867,2.29412,32.8196483
2025-07-25,90.4899,89.69374,88.582855,hold,hold,0.0,127.7743888763,11562.29167198,9023.85855393,11722.81049867,1.369286,32.8196483
2025-07-26,90.6829,89.89274,88.697145,hold,hold,0.0,127.7743888763,11586.95212903,9043.10495271,11722.81049867,1.158923,32.8196483
2025-07-27,90.748,90.19314,88.849315,hold,hold,0.0,127.7743888763,11595.27024175,9049.59687271,11722.81049867,1.087967,32.8196483
2025-07-28,90.4162,90.39568,88.994065,hold,hold,0.0,127.7743888763,11552.87469952,9016.50902237,11722.81049867,1.449617,32.8196483
2025-07-29,90.5038,90.56816,89.131335,hold,hold,0.0,127.7743888763,11564.06773598,9025.24469353,11722.81049867,1.354136,32.8196483
2025-07-30,90.0402,90.47822,89.286665,hold,hold,0.0,127.7743888763,11504.8315293,8979.01344755,11722.81049867,1.859443,32.8196483
2025-07-31,89.7662,90.29488,89.39943,hold,hold,0.0,127.7743888763,11469.82134675,8951.68954462,11722.81049867,2.158093,32.8196483
2025-08-01,89.7801,90.1013,89.533255,hold,hold,0.0,127.7743888763,11471.59741075,8953.07568422,11722.81049867,2.142942,32.8196483
2025-08-02,89.615,89.94106,89.625435,hold,hold,0.0,127.7743888763,11450.50185915,8936.61153687,11722.81049867,2.322896,32.8196483
2025-08-03,89.4035,89.721,89.700545,hold,hold,0.0,127.7743888763,11423.4775759,8915.52027603,11722.81049867,2.553423,32.8196483
2025-08-04,88.8451,89.48198,89.71736,sell,sell,11335.10584068,0.0,11335.10584068,8859.83535853,11722.81049867,3.307267,44.16610059
2025-08-05,88.8156,89.29186,89.701235,hold,hold,11335.10584068,0.0,11335.10584068,8856.89355146,11722.81049867,3.307267,44.16610059
2025-08-06,88.5005,89.03594,89.66617,hold,hold,11335.10584068,0.0,11335.10584068,8825.47106309,11722.81049867,3.307267,44.16610059
2025-08-07,88.5247,88.81788,89.6312,hold,hold,11335.10584068,0.0,11335.10584068,8827.88434211,11722.81049867,3.307267,44.16610059
2025-08-08,88.8293,88.70304,89.62149,hold,hold,11335.10584068,0.0,11335.10584068,8858.25974661,11722.81049867,3.307267,44.16610059
2025-08-09,88.9356,88.72114,89.59377,hold,hold,11335.10584068,0.0,11335.10584068,8868.86022428,11722.81049867,3.307267,44.16610059
2025-08-10,88.5004,88.6581,89.534395,hold,hold,11335.10584068,0.0,11335.10584068,8825.46109086,11722.81049867,3.307267,44.16610059
2025-08-11,88.3317,88.62434,89.48868,hold,hold,11335.10584068,0.0,11335.10584068,8808.63794333,11722.81049867,3.307267,44.16610059
2025-08-12,88.2264,88.56468,89.429825,hold,hold,11335.10584068,0.0,11335.10584068,8798.13718793,11722.81049867,3.307267,44.16610059
2025-08-13,87.8633,88.37148,89.34092,hold,hold,11335.10584068,0.0,11335.10584068,8761.92803044,11722.81049867,3.307267,44.16610059
2025-08-14,88.1297,88.2103,89.22291,hold,hold,11335.10584068,0.0,11335.10584068,8788.49404409,11722.81049867,3.307267,44.16610059
2025-08-15,87.6793,88.04608,89.07273,hold,hold,11335.10584068,0.0,11335.10584068,8743.57913212,11722.81049867,3.307267,44.16610059
2025-08-16,87.2226,87.82426,88.89646,hold,hold,11335.10584068,0.0,11335.10584068,8698.03596982,11722.81049867,3.307267,44.16610059
2025-08-17,86.8451,87.548,88.717905,hold,hold,11335.10584068,0.0,11335.10584068,8660.39081159,11722.81049867,3.307267,44.16610059
2025-08-18,86.9124,87.35782,88.538335,hold,hold,11335.10584068,0.0,11335.10584068,8667.10212059,11722.81049867,3.307267,44.16610059
2025-08-19,87.1788,87.16764,88.395265,hold,hold,11335.10584068,0.0,11335.10584068,8693.66813425,11722.81049867,3.307267,44.16610059
2025-08-20,86.6328,86.95834,88.238595,hold,hold,11335.10584068,0.0,11335.10584068,8639.21977293,11722.81049867,3.307267,44.16610059
2025-08-21,86.4321,86.80024,88.071195,hold,hold,11335.10584068,0.0,11335.10584068,8619.20551265,11722.81049867,3.307267,44.16610059
2025-08-22,85.9102,86.61326,87.885955,hold,hold,11335.10584068,0.0,11335.10584068,8567.16045812,11722.81049867,3.307267,44.16610059
2025-08-23,86.3588,86.50254,87.73372,hold,hold,11335.10584068,0.0,11335.10584068,8611.89587,11722.81049867,3.307267,44.16610059
2025-08-24,86.7749,86.42176,87.63021,hold,hold,11335.10584068,0.0,11335.10584068,8653.39030799,11722.81049867,3.307267,44.16610059
2025-08-25,86.7606,86.44732,87.52746,hold,hold,11335.10584068,0.0,11335.10584068,8651.96427948,11722.81049867,3.307267,44.16610059
2025-08-26,87.5392,86.66874,87.479395,hold,hold,11335.10584068,0.0,11335.10584068,8729.6080416,11722.81049867,3.307267,44.16610059
2025-08-27,87.4955,86.9858,87.427935,hold,hold,11335.10584068,0.0,11335.10584068,8725.25017825,11722.81049867,3.307267,44.16610059
2025-08-28,87.6422,87.24248,87.36858,hold,hold,11335.10584068,0.0,11335.10584068,8739.87943577,11722.81049867,3.307267,44.16610059
2025-08-29,87.8157,87.45064,87.312585,buy,buy,0.0,128.8849601737,11318.12299712,8757.18125022,11722.81049867,3.452137,55.48988265
2025-08-30,88.0453,87.70758,87.28983,hold,hold,0.0,128.8849601737,11347.71498398,8780.07748421,11722.81049867,3.199706,55.48988265
2025-08-31,88.6891,87.93756,87.3077,hold,hold,0.0,128.8849601737,11430.69112134,8844.27868387,11722.81049867,2.491889,55.48988265
2025-09-01,88.2979,88.09804,87.311275,hold,hold,0.0,128.8849601737,11380.27132492,8805.26733048,11722.81049867,2.921988,55.48988265
2025-09-02,87.6177,88.09314,87.298995,hold,hold,0.0,128.8849601737,11292.60377501,8737.43624007,11722.81049867,3.669826,55.48988265
2025-09-03,87.2661,87.98322,87.255815,hold,hold,0.0,128.8849601737,11247.28782301,8702.37388872,11722.81049867,4.056388,55.48988265
2025-09-04,86.7204,87.71824,87.20787,hold,hold,0.0,128.8849601737,11176.95530025,8647.95544409,11722.81049867,4.656351,55.48988265
2025-09-05,86.7499,87.3304,87.184235,hold,hold,0.0,128.8849601737,11180.75740657,8650.89725116,11722.81049867,4.623918,55.48988265
2025-09-06,86.8638,87.04358,87.18517,sell,sell,11178.64984515,0.0,11178.64984515,8662.2556181,11722.81049867,4.641896,66.67972233
2025-09-07,87.2852,86.97708,87.20381,hold,hold,11178.64984515,0.0,11178.64984515,8704.27858414,11722.81049867,4.641896,66.67972233
2025-09-08,86.9132,86.9065,87.19053,hold,hold,11178.64984515,0.0,11178.64984515,8667.18189841,11722.81049867,4.641896,66.67972233
2025-09-09,86.7761,86.91764,87.197695,hold,hold,11178.64984515,0.0,11178.64984515,8653.50997472,11722.81049867,4.641896,66.67972233
2025-09-10,87.1707,87.0018,87.234625,hold,hold,11178.64984515,0.0,11178.64984515,8692.86038383,11722.81049867,4.641896,66.67972233
2025-09-11,87.4893,87.1269,87.31358,hold,hold,11178.64984515,0.0,11178.64984515,8724.63190016,11722.81049867,4.641896,66.67972233
2025-09-12,87.7151,87.21288,87.381395,hold,hold,11178.64984515,0.0,11178.64984515,8747.14918951,11722.81049867,4.641896,66.67972233
2025-09-13,87.9565,87.42154,87.440475,hold,hold,11178.64984515,0.0,11178.64984515,8771.22214632,11722.81049867,4.641896,66.67972233
2025-09-14,88.3519,87.7367,87.52004,buy,buy,0.0,126.3345939598,11161.90141208,8810.65233325,11722.81049867,4.784766,77.8472047
2025-09-15,88.8746,88.07748,87.58681,hold,hold,0.0,126.3345939598,11227.93650434,8862.77716559,11722.81049867,4.221462,77.8472047
2025-09-16,89.4499,88.4696,87.68453,hold,hold,0.0,126.3345939598,11300.61679625,8920.14738952,11722.81049867,3.601472,77.8472047
2025-09-17,90.0879,88.94416,87.806815,hold,hold,0.0,126.3345939598,11381.21826719,8983.77019999,11722.81049867,2.913911,77.8472047
2025-09-18,90.0755,89.36796,87.919805,hold,hold,0.0,126.3345939598,11379.65171823,8982.5336438,11722.81049867,2.927274,77.8472047
2025-09-19,89.5371,89.605,87.994395,hold,hold,0.0,126.3345939598,11311.63317284,8928.84317177,11722.81049867,3.507498,77.8472047
2025-09-20,89.5803,89.74614,88.038955,hold,hold,0.0,126.3345939598,11317.0908273,8933.15117398,11722.81049867,3.460942,77.8472047
2025-09-21,89.9643,89.84902,88.122275,hold,hold,0.0,126.3345939598,11365.60331138,8971.44452699,11722.81049867,3.047112,77.8472047
2025-09-22,89.4538,89.7222,88.21408,hold,hold,0.0,126.3345939598,11301.10950116,8920.53630639,11722.81049867,3.597269,77.8472047
2025-09-23,89.0703,89.52116,88.30429,hold,hold,0.0,126.3345939598,11252.66018438,8882.29281451,11722.81049867,4.01056,77.8472047
2025-09-24,88.7682,89.36738,88.40668,hold,hold,0.0,126.3345939598,11214.49450355,8852.1667157,11722.81049867,4.336127,77.8472047
2025-09-25,88.2674,89.1048,88.482555,hold,hold,0.0,126.3345939598,11151.22613889,8802.22580114,11722.81049867,4.87583,77.8472047
2025-09-26,87.9018,88.6923,88.534455,hold,hold,0.0,126.3345939598,11105.03821134,8765.76733796,11722.81049867,5.269831,77.8472047
2025-09-27,88.3537,88.47228,88.58788,sell,sell,11145.39120219,0.0,11145.39120219,8810.83183334,11722.81049867,4.925605,89.00375245
2025-09-28,88.721,88.40242,88.67827,hold,hold,11145.39120219,0.0,11145.39120219,8847.45982439,11722.81049867,4.925605,89.00375245
2025-09-29,88.9182,88.43242,88.785375,hold,hold,11145.39120219,0.0,11145.39120219,8867.12505672,11722.81049867,4.925605,89.00375245
2025-09-30,89.7709,88.73312,88.915385,hold,hold,11145.39120219,0.0,11145.39120219,8952.1582393,11722.81049867,4.925605,89.00375245
2025-10-01,90.0546,89.16368,89.04365,buy,buy,0.0,123.5771698386,11128.69259895,8980.44944829,11722.81049867,5.06805,100.13800939
2025-10-02,90.6672,89.62638,89.191255,hold,hold,0.0,123.5771698386,11204.39597319,9041.53931301,11722.81049867,4.422272,100.13800939
2025-10-03,91.0899,90.10016,89.347925,hold,hold,0.0,123.5771698386,11256.63204288,9083.69191801,11722.81049867,3.976678,100.13800939
2025-10-04,91.4219,90.6009,89.501425,hold,hold,0.0,123.5771698386,11297.65966327,9116.7997128,11722.81049867,3.626697,100.13800939
2025-10-05,92.0096,91.04864,89.658175,hold,hold,0.0,123.5771698386,11370.28596598,9175.40649292,11722.81049867,3.007167,100.13800939
2025-10-06,92.2832,91.49436,89.79984,hold,hold,0.0,123.5771698386,11404.09667965,9202.69050694,11722.81049867,2.718749,100.13800939
2025-10-07,91.8805,91.73702,89.88947,hold,hold,0.0,123.5771698386,11354.33215336,9162.53234741,11722.81049867,3.143259,100.13800939
2025-10-08,91.7678,91.8726,89.974085,hold,hold,0.0,123.5771698386,11340.40500631,9151.29364719,11722.81049867,3.262063,100.13800939
2025-10-09,91.9208,91.97238,90.09327,hold,hold,0.0,123.5771698386,11359.3123133,9166.55115503,11722.81049867,3.100777,100.13800939
2025-10-10,91.901,91.95066,90.209305,hold,hold,0.0,123.5771698386,11356.86548534,9164.57665402,11722.81049867,3.121649,100.13800939
2025-10-11,91.8261,91.85924,90.302395,hold,hold,0.0,123.5771698386,11347.60955532,9157.10745574,11722.81049867,3.200606,100.13800939
2025-10-12,91.4039,91.76392,90.3999,hold,hold,0.0,123.5771698386,11295.43527421,9115.00471188,11722.81049867,3.645672,100.13800939
2025-10-13,90.8195,91.57426,90.48736,hold,hold,0.0,123.5771698386,11223.21677616,9056.72701526,11722.81049867,4.261723,100.13800939
2025-10-14,90.4248,91.27506,90.57019,hold,hold,0.0,123.5771698386,11174.44086722,9017.36663392,11722.81049867,4.6778,100.13800939
2025-10-15,89.9445,90.88376,90.654045,hold,hold,0.0,123.5771698386,11115.08675255,8969.47002598,11722.81049867,5.184113,100.13800939
2025-10-16,90.7844,90.67542,90.798175,sell,sell,11202.05650811,0.0,11202.05650811,9053.22676346,11722.81049867,4.442228,111.35127917
2025-10-17,91.296,90.65384,90.94529,hold,hold,11202.05650811,0.0,11202.05650811,9104.24467857,11722.81049867,4.442228,111.35127917
2025-10-18,91.7295,90.83584,91.095715,hold,hold,11202.05650811,0.0,11202.05650811,9147.47428412,11722.81049867,4.442228,111.35127917
2025-10-19,91.7568,91.10224,91.237645,hold,hold,11202.05650811,0.0,11202.05650811,9150.19670218,11722.81049867,4.442228,111.35127917
2025-10-20,92.245,91.56234,91.36135,buy,buy,0.0,121.2561440291,11185.27300596,9198.88111609,11722.81049867,4.585398,122.54214481
2025-10-21,92.9879,92.00304,91.508015,hold,hold,0.0,121.2561440291,11275.35419536,9272.96479305,11722.81049867,3.816971,122.54214481
2025-10-22,93.3988,92.4236,91.644595,hold,hold,0.0,121.2561440291,11325.17834494,9313.94067522,11722.81049867,3.391952,122.54214481
2025-10-23,93.6277,92.80324,91.771485,hold,hold,0.0,121.2561440291,11352.93387631,9336.76710362,11722.81049867,3.155187,122.54214481
2025-10-24,93.7031,93.1925,91.885545,hold,hold,0.0,121.2561440291,11362.07658957,9344.28616304,11722.81049867,3.077196,122.54214481
2025-10-25,93.3439,93.41228,91.95226,hold,hold,0.0,121.2561440291,11318.52138264,9308.46592241,11722.81049867,3.448739,122.54214481
2025-10-26,93.0758,93.42986,91.99189,hold,hold,0.0,121.2561440291,11286.01261042,9281.73038089,11722.81049867,3.726051,122.54214481
2025-10-27,93.2025,93.3906,92.05799,hold,end_of_data_sell,11284.42935091,0.0,11284.42935091,9294.36519294,11722.81049867,3.739557,133.83786989
